,Metric,Value
0,F1-score,0.926439552
1,Precision,0.926622345
2,Recall,0.9264859
3,Accuracy,0.9274