,Metric,Value
0,F1-score,0.959676512
1,Precision,0.95980031
2,Recall,0.959826759
3,Accuracy,0.9599