,Metric,Value
0,F1-score,0.958808153
1,Precision,0.959072038
2,Recall,0.958962513
3,Accuracy,0.9591