,Labels,precision,recall,f1
0,0,0.989561587,0.967346939,0.978328173
1,1,0.977292576,0.985903084,0.981578947
2,2,0.952015355,0.96124031,0.956605593
3,3,0.946513849,0.981188119,0.963539135
4,4,0.948536831,0.957230143,0.952863659
5,5,0.930555556,0.976457399,0.952954048
6,6,0.988004362,0.945720251,0.9664
7,7,0.954590326,0.940661479,0.947574718
8,8,0.951367781,0.964065708,0.957674656
9,9,0.952282158,0.909811695,0.930562595