,Labels,precision,recall,f1
0,0,0.980612245,0.980612245,0.980612245
1,1,0.997247706,0.957709251,0.977078652
2,2,0.976976977,0.945736434,0.961102905
3,3,0.950048031,0.979207921,0.964407606
4,4,0.974253347,0.963340122,0.968766001
5,5,0.985023041,0.958520179,0.971590909
6,6,0.98014629,0.979123173,0.979634465
7,7,0.964705882,0.957198444,0.9609375
8,8,0.897940075,0.984599589,0.93927522
9,9,0.963220676,0.960356789,0.9617866