,Metric,Value
0,F1-score,0.96651921
1,Precision,0.967017427
2,Recall,0.966640415
3,Accuracy,0.9664